id,date,name,description,image,content
1,2024-06-26 17:03:57.027+00,One,"Lorem ipsum dolor sit amet, consectetur adipiscing elit. Sed tincidunt ultrices eros. Ut nisl nisi, tincidunt accumsan ex quis, vehicula tincidunt enim. Suspendisse fringilla condimentum tellus. Aenean eu massa quis justo iaculis aliquam. Mauris suscipit erat in massa egestas scelerisque. Quisque gravida, purus eu porttitor ullamcorper, felis est viverra nibh, ut luctus nisi justo quis metus. Sed tempus, tortor eget semper porttitor, augue risus viverra felis, vel pulvinar mi sapien non tellus. Morbi elementum pretium ipsum, eu condimentum turpis. Aliquam molestie consequat eros a vestibulum. Mauris molestie facilisis sem quis fringilla. Cras accumsan, turpis vel iaculis rhoncus, orci erat fermentum velit, ac rutrum erat nulla ac felis. Ut luctus elit nec egestas tincidunt. Etiam sit amet quam a tortor aliquet sagittis.",https://picsum.photos/500/501,"
  
<br/>

> Hi this is made using Mdx. It is the same thing used in famous blog sites like Medium and our very own GitHub.  
  
<br/>
  
Here are some of the features that Mdx provides:
- Beautiful Formatting
- Ordered and Unordered Lists
- Separators  

<br/>
  
1. **Bold**
2. _Italics_
3. _**Bold and Italics**_
4. ~Strikethrough~
  
---  
  
# There
## are
### different 
#### sizes
##### for
###### headings
  
---
  
If you want to learn more about how to use Markdown text formatting. You can click the link here [Click Here](https://commonmark.org/help/)

<br/>
<br/>"
2,2024-06-26 17:04:48.194+00,Two,"Lorem ipsum dolor sit amet, consectetur adipiscing elit. Sed tincidunt ultrices eros. Ut nisl nisi, tincidunt accumsan ex quis, vehicula tincidunt enim. Suspendisse fringilla condimentum tellus. Aenean eu massa quis justo iaculis aliquam. Mauris suscipit erat in massa egestas scelerisque. Quisque gravida, purus eu porttitor ullamcorper, felis est viverra nibh, ut luctus nisi justo quis metus. Sed tempus, tortor eget semper porttitor, augue risus viverra felis, vel pulvinar mi sapien non tellus. Morbi elementum pretium ipsum, eu condimentum turpis. Aliquam molestie consequat eros a vestibulum. Mauris molestie facilisis sem quis fringilla. Cras accumsan, turpis vel iaculis rhoncus, orci erat fermentum velit, ac rutrum erat nulla ac felis. Ut luctus elit nec egestas tincidunt. Etiam sit amet quam a tortor aliquet sagittis.",https://picsum.photos/500/502,"
  
<br/>

> Hi this is made using Mdx. It is the same thing used in famous blog sites like Medium and our very own GitHub.  
  
<br/>
  
Here are some of the features that Mdx provides:
- Beautiful Formatting
- Ordered and Unordered Lists
- Separators  

<br/>
  
1. **Bold**
2. _Italics_
3. _**Bold and Italics**_
4. ~Strikethrough~
  
---  
  
# There
## are
### different 
#### sizes
##### for
###### headings
  
---
  
If you want to learn more about how to use Markdown text formatting. You can click the link here [Click Here](https://commonmark.org/help/)

<br/>
<br/>"
3,2024-06-26 17:05:07.809+00,Three,"Lorem ipsum dolor sit amet, consectetur adipiscing elit. Sed tincidunt ultrices eros. Ut nisl nisi, tincidunt accumsan ex quis, vehicula tincidunt enim. Suspendisse fringilla condimentum tellus. Aenean eu massa quis justo iaculis aliquam. Mauris suscipit erat in massa egestas scelerisque. Quisque gravida, purus eu porttitor ullamcorper, felis est viverra nibh, ut luctus nisi justo quis metus. Sed tempus, tortor eget semper porttitor, augue risus viverra felis, vel pulvinar mi sapien non tellus. Morbi elementum pretium ipsum, eu condimentum turpis. Aliquam molestie consequat eros a vestibulum. Mauris molestie facilisis sem quis fringilla. Cras accumsan, turpis vel iaculis rhoncus, orci erat fermentum velit, ac rutrum erat nulla ac felis. Ut luctus elit nec egestas tincidunt. Etiam sit amet quam a tortor aliquet sagittis.",https://picsum.photos/500/503,"
  
<br/>

> Hi this is made using Mdx. It is the same thing used in famous blog sites like Medium and our very own GitHub.  
  
<br/>
  
Here are some of the features that Mdx provides:
- Beautiful Formatting
- Ordered and Unordered Lists
- Separators  

<br/>
  
1. **Bold**
2. _Italics_
3. _**Bold and Italics**_
4. ~Strikethrough~
  
---  
  
# There
## are
### different 
#### sizes
##### for
###### headings
  
---
  
If you want to learn more about how to use Markdown text formatting. You can click the link here [Click Here](https://commonmark.org/help/)

<br/>
<br/>"
4,2024-06-26 17:09:02.341+00,Four,"Lorem ipsum dolor sit amet, consectetur adipiscing elit. Sed tincidunt ultrices eros. Ut nisl nisi, tincidunt accumsan ex quis, vehicula tincidunt enim. Suspendisse fringilla condimentum tellus. Aenean eu massa quis justo iaculis aliquam. Mauris suscipit erat in massa egestas scelerisque. Quisque gravida, purus eu porttitor ullamcorper, felis est viverra nibh, ut luctus nisi justo quis metus. Sed tempus, tortor eget semper porttitor, augue risus viverra felis, vel pulvinar mi sapien non tellus. Morbi elementum pretium ipsum, eu condimentum turpis. Aliquam molestie consequat eros a vestibulum. Mauris molestie facilisis sem quis fringilla. Cras accumsan, turpis vel iaculis rhoncus, orci erat fermentum velit, ac rutrum erat nulla ac felis. Ut luctus elit nec egestas tincidunt. Etiam sit amet quam a tortor aliquet sagittis.",https://picsum.photos/500/504,"
  
<br/>

> Hi this is made using Mdx. It is the same thing used in famous blog sites like Medium and our very own GitHub.  
  
<br/>
  
Here are some of the features that Mdx provides:
- Beautiful Formatting
- Ordered and Unordered Lists
- Separators  

<br/>
  
1. **Bold**
2. _Italics_
3. _**Bold and Italics**_
4. ~Strikethrough~
  
---  
  
# There
## are
### different 
#### sizes
##### for
###### headings
  
---
  
If you want to learn more about how to use Markdown text formatting. You can click the link here [Click Here](https://commonmark.org/help/)

<br/>
<br/>"
5,2024-06-26 17:09:14.408+00,Five,"Lorem ipsum dolor sit amet, consectetur adipiscing elit. Sed tincidunt ultrices eros. Ut nisl nisi, tincidunt accumsan ex quis, vehicula tincidunt enim. Suspendisse fringilla condimentum tellus. Aenean eu massa quis justo iaculis aliquam. Mauris suscipit erat in massa egestas scelerisque. Quisque gravida, purus eu porttitor ullamcorper, felis est viverra nibh, ut luctus nisi justo quis metus. Sed tempus, tortor eget semper porttitor, augue risus viverra felis, vel pulvinar mi sapien non tellus. Morbi elementum pretium ipsum, eu condimentum turpis. Aliquam molestie consequat eros a vestibulum. Mauris molestie facilisis sem quis fringilla. Cras accumsan, turpis vel iaculis rhoncus, orci erat fermentum velit, ac rutrum erat nulla ac felis. Ut luctus elit nec egestas tincidunt. Etiam sit amet quam a tortor aliquet sagittis.",https://picsum.photos/500/505,"
  
<br/>

> Hi this is made using Mdx. It is the same thing used in famous blog sites like Medium and our very own GitHub.  
  
<br/>
  
Here are some of the features that Mdx provides:
- Beautiful Formatting
- Ordered and Unordered Lists
- Separators  

<br/>
  
1. **Bold**
2. _Italics_
3. _**Bold and Italics**_
4. ~Strikethrough~
  
---  
  
# There
## are
### different 
#### sizes
##### for
###### headings
  
---
  
If you want to learn more about how to use Markdown text formatting. You can click the link here [Click Here](https://commonmark.org/help/)

<br/>
<br/>"
6,2024-06-26 17:09:24.326+00,Six,"Lorem ipsum dolor sit amet, consectetur adipiscing elit. Sed tincidunt ultrices eros. Ut nisl nisi, tincidunt accumsan ex quis, vehicula tincidunt enim. Suspendisse fringilla condimentum tellus. Aenean eu massa quis justo iaculis aliquam. Mauris suscipit erat in massa egestas scelerisque. Quisque gravida, purus eu porttitor ullamcorper, felis est viverra nibh, ut luctus nisi justo quis metus. Sed tempus, tortor eget semper porttitor, augue risus viverra felis, vel pulvinar mi sapien non tellus. Morbi elementum pretium ipsum, eu condimentum turpis. Aliquam molestie consequat eros a vestibulum. Mauris molestie facilisis sem quis fringilla. Cras accumsan, turpis vel iaculis rhoncus, orci erat fermentum velit, ac rutrum erat nulla ac felis. Ut luctus elit nec egestas tincidunt. Etiam sit amet quam a tortor aliquet sagittis.",https://picsum.photos/500/506,"
  
<br/>

> Hi this is made using Mdx. It is the same thing used in famous blog sites like Medium and our very own GitHub.  
  
<br/>
  
Here are some of the features that Mdx provides:
- Beautiful Formatting
- Ordered and Unordered Lists
- Separators  

<br/>
  
1. **Bold**
2. _Italics_
3. _**Bold and Italics**_
4. ~Strikethrough~
  
---  
  
# There
## are
### different 
#### sizes
##### for
###### headings
  
---
  
If you want to learn more about how to use Markdown text formatting. You can click the link here [Click Here](https://commonmark.org/help/)

<br/>
<br/>"
7,2024-06-26 17:09:33.691+00,Seven,"Lorem ipsum dolor sit amet, consectetur adipiscing elit. Sed tincidunt ultrices eros. Ut nisl nisi, tincidunt accumsan ex quis, vehicula tincidunt enim. Suspendisse fringilla condimentum tellus. Aenean eu massa quis justo iaculis aliquam. Mauris suscipit erat in massa egestas scelerisque. Quisque gravida, purus eu porttitor ullamcorper, felis est viverra nibh, ut luctus nisi justo quis metus. Sed tempus, tortor eget semper porttitor, augue risus viverra felis, vel pulvinar mi sapien non tellus. Morbi elementum pretium ipsum, eu condimentum turpis. Aliquam molestie consequat eros a vestibulum. Mauris molestie facilisis sem quis fringilla. Cras accumsan, turpis vel iaculis rhoncus, orci erat fermentum velit, ac rutrum erat nulla ac felis. Ut luctus elit nec egestas tincidunt. Etiam sit amet quam a tortor aliquet sagittis.",https://picsum.photos/500/507,"
  
<br/>

> Hi this is made using Mdx. It is the same thing used in famous blog sites like Medium and our very own GitHub.  
  
<br/>
  
Here are some of the features that Mdx provides:
- Beautiful Formatting
- Ordered and Unordered Lists
- Separators  

<br/>
  
1. **Bold**
2. _Italics_
3. _**Bold and Italics**_
4. ~Strikethrough~
  
---  
  
# There
## are
### different 
#### sizes
##### for
###### headings
  
---
  
If you want to learn more about how to use Markdown text formatting. You can click the link here [Click Here](https://commonmark.org/help/)

<br/>
<br/>"
8,2024-06-26 17:10:19.022+00,Eight,"Lorem ipsum dolor sit amet, consectetur adipiscing elit. Sed tincidunt ultrices eros. Ut nisl nisi, tincidunt accumsan ex quis, vehicula tincidunt enim. Suspendisse fringilla condimentum tellus. Aenean eu massa quis justo iaculis aliquam. Mauris suscipit erat in massa egestas scelerisque. Quisque gravida, purus eu porttitor ullamcorper, felis est viverra nibh, ut luctus nisi justo quis metus. Sed tempus, tortor eget semper porttitor, augue risus viverra felis, vel pulvinar mi sapien non tellus. Morbi elementum pretium ipsum, eu condimentum turpis. Aliquam molestie consequat eros a vestibulum. Mauris molestie facilisis sem quis fringilla. Cras accumsan, turpis vel iaculis rhoncus, orci erat fermentum velit, ac rutrum erat nulla ac felis. Ut luctus elit nec egestas tincidunt. Etiam sit amet quam a tortor aliquet sagittis.",https://picsum.photos/500/508,"
  
<br/>

> Hi this is made using Mdx. It is the same thing used in famous blog sites like Medium and our very own GitHub.  
  
<br/>
  
Here are some of the features that Mdx provides:
- Beautiful Formatting
- Ordered and Unordered Lists
- Separators  

<br/>
  
1. **Bold**
2. _Italics_
3. _**Bold and Italics**_
4. ~Strikethrough~
  
---  
  
# There
## are
### different 
#### sizes
##### for
###### headings
  
---
  
If you want to learn more about how to use Markdown text formatting. You can click the link here [Click Here](https://commonmark.org/help/)

<br/>
<br/>"
9,2024-06-26 17:10:46.114+00,Nine,"Lorem ipsum dolor sit amet, consectetur adipiscing elit. Sed tincidunt ultrices eros. Ut nisl nisi, tincidunt accumsan ex quis, vehicula tincidunt enim. Suspendisse fringilla condimentum tellus. Aenean eu massa quis justo iaculis aliquam. Mauris suscipit erat in massa egestas scelerisque. Quisque gravida, purus eu porttitor ullamcorper, felis est viverra nibh, ut luctus nisi justo quis metus. Sed tempus, tortor eget semper porttitor, augue risus viverra felis, vel pulvinar mi sapien non tellus. Morbi elementum pretium ipsum, eu condimentum turpis. Aliquam molestie consequat eros a vestibulum. Mauris molestie facilisis sem quis fringilla. Cras accumsan, turpis vel iaculis rhoncus, orci erat fermentum velit, ac rutrum erat nulla ac felis. Ut luctus elit nec egestas tincidunt. Etiam sit amet quam a tortor aliquet sagittis.",https://picsum.photos/500/509,"
  
<br/>

> Hi this is made using Mdx. It is the same thing used in famous blog sites like Medium and our very own GitHub.  
  
<br/>
  
Here are some of the features that Mdx provides:
- Beautiful Formatting
- Ordered and Unordered Lists
- Separators  

<br/>
  
1. **Bold**
2. _Italics_
3. _**Bold and Italics**_
4. ~Strikethrough~
  
---  
  
# There
## are
### different 
#### sizes
##### for
###### headings
  
---
  
If you want to learn more about how to use Markdown text formatting. You can click the link here [Click Here](https://commonmark.org/help/)

<br/>
<br/>"
10,2024-06-26 17:11:02.691+00,How to use Markdown?,This blog teaches you about different things you can do with Mdx.,https://picsum.photos/500/510,"
  
<br/>

> Hi this is made using Mdx. It is the same thing used in famous blog sites like Medium and our very own GitHub.  
  
<br/>
  
Here are some of the features that Mdx provides:
- Beautiful Formatting
- Ordered and Unordered Lists
- Separators  

<br/>
  
1. **Bold**
2. _Italics_
3. _**Bold and Italics**_
4. ~Strikethrough~
  
---  
  
# There
## are
### different 
#### sizes
##### for
###### headings
  
---
  
If you want to learn more about how to use Markdown text formatting. You can click the link here [Click Here](https://commonmark.org/help/)

<br/>
<br/>"