id,name,deadline,country,organization,typeId,detailed_description,image
1,Opportunity 1,2024-06-29,United States,Fed Ex,1,"![Image of Mardown Logo](https://upload.wikimedia.org/wikipedia/commons/thumb/4/48/Markdown-mark.svg/1200px-Markdown-mark.svg.png)
  
<br/>

> Hi this is made using Mdx. It is the same thing used in famous blog sites like Medium and our very own GitHub.  
  
<br/>
  
Here are some of the features that Mdx provides:
- Beautiful Formatting
- Ordered and Unordered Lists
- Separators  

<br/>
  
1. **Bold**
2. _Italics_
3. _**Bold and Italics**_
4. ~Strikethrough~
  
---  
  
# There
## are
### different 
#### sizes
##### for
###### headings
  
---
  
If you want to learn more about how to use Markdown text formatting. You can click the link here [Click Here](https://commonmark.org/help/)",https://picsum.photos/500/500
2,Opportunity Two,2024-06-29,Germany,KPMG,2,"![Image of Mardown Logo](https://upload.wikimedia.org/wikipedia/commons/thumb/4/48/Markdown-mark.svg/1200px-Markdown-mark.svg.png)
  
<br/>

> Hi this is made using Mdx. It is the same thing used in famous blog sites like Medium and our very own GitHub.  
  
<br/>
  
Here are some of the features that Mdx provides:
- Beautiful Formatting
- Ordered and Unordered Lists
- Separators  

<br/>
  
1. **Bold**
2. _Italics_
3. _**Bold and Italics**_
4. ~Strikethrough~
  
---  
  
# There
## are
### different 
#### sizes
##### for
###### headings
  
---
  
If you want to learn more about how to use Markdown text formatting. You can click the link here [Click Here](https://commonmark.org/help/)",https://picsum.photos/500/501
3,Opportunity 3,2024-07-12,France,Amazon,2,"![Image of Mardown Logo](https://upload.wikimedia.org/wikipedia/commons/thumb/4/48/Markdown-mark.svg/1200px-Markdown-mark.svg.png)
  
<br/>

> Hi this is made using Mdx. It is the same thing used in famous blog sites like Medium and our very own GitHub.  
  
<br/>
  
Here are some of the features that Mdx provides:
- Beautiful Formatting
- Ordered and Unordered Lists
- Separators  

<br/>
  
1. **Bold**
2. _Italics_
3. _**Bold and Italics**_
4. ~Strikethrough~
  
---  
  
# There
## are
### different 
#### sizes
##### for
###### headings
  
---
  
If you want to learn more about how to use Markdown text formatting. You can click the link here [Click Here](https://commonmark.org/help/)",https://picsum.photos/500/503
4,Four,2024-07-27,England,EY,2,"![Image of Mardown Logo](https://upload.wikimedia.org/wikipedia/commons/thumb/4/48/Markdown-mark.svg/1200px-Markdown-mark.svg.png)
  
<br/>

> Hi this is made using Mdx. It is the same thing used in famous blog sites like Medium and our very own GitHub.  
  
<br/>
  
Here are some of the features that Mdx provides:
- Beautiful Formatting
- Ordered and Unordered Lists
- Separators  

<br/>
  
1. **Bold**
2. _Italics_
3. _**Bold and Italics**_
4. ~Strikethrough~
  
---  
  
# There
## are
### different 
#### sizes
##### for
###### headings
  
---
  
If you want to learn more about how to use Markdown text formatting. You can click the link here [Click Here](https://commonmark.org/help/)",https://picsum.photos/500/504
5,Five,2024-09-20,United States,JP Morgan & Chase Co.,1,"![Image of Mardown Logo](https://upload.wikimedia.org/wikipedia/commons/thumb/4/48/Markdown-mark.svg/1200px-Markdown-mark.svg.png)
  
<br/>

> Hi this is made using Mdx. It is the same thing used in famous blog sites like Medium and our very own GitHub.  
  
<br/>
  
Here are some of the features that Mdx provides:
- Beautiful Formatting
- Ordered and Unordered Lists
- Separators  

<br/>
  
1. **Bold**
2. _Italics_
3. _**Bold and Italics**_
4. ~Strikethrough~
  
---  
  
# There
## are
### different 
#### sizes
##### for
###### headings
  
---
  
If you want to learn more about how to use Markdown text formatting. You can click the link here [Click Here](https://commonmark.org/help/)",https://picsum.photos/500/505
6,Six,2025-09-17,Nepal,Kathmandu,3,"![Image of Mardown Logo](https://upload.wikimedia.org/wikipedia/commons/thumb/4/48/Markdown-mark.svg/1200px-Markdown-mark.svg.png)
  
<br/>

> Hi this is made using Mdx. It is the same thing used in famous blog sites like Medium and our very own GitHub.  
  
<br/>
  
Here are some of the features that Mdx provides:
- Beautiful Formatting
- Ordered and Unordered Lists
- Separators  

<br/>
  
1. **Bold**
2. _Italics_
3. _**Bold and Italics**_
4. ~Strikethrough~
  
---  
  
# There
## are
### different 
#### sizes
##### for
###### headings
  
---
  
If you want to learn more about how to use Markdown text formatting. You can click the link here [Click Here](https://commonmark.org/help/)",https://picsum.photos/500/506
7,Seven,2024-10-01,Netherlands,Brundestein,1,"![Image of Mardown Logo](https://upload.wikimedia.org/wikipedia/commons/thumb/4/48/Markdown-mark.svg/1200px-Markdown-mark.svg.png)
  
<br/>

> Hi this is made using Mdx. It is the same thing used in famous blog sites like Medium and our very own GitHub.  
  
<br/>
  
Here are some of the features that Mdx provides:
- Beautiful Formatting
- Ordered and Unordered Lists
- Separators  

<br/>
  
1. **Bold**
2. _Italics_
3. _**Bold and Italics**_
4. ~Strikethrough~
  
---  
  
# There
## are
### different 
#### sizes
##### for
###### headings
  
---
  
If you want to learn more about how to use Markdown text formatting. You can click the link here [Click Here](https://commonmark.org/help/)",https://picsum.photos/500/507
8,Eight,2024-11-08,Belgium,Belsh Co.,2,"![Image of Mardown Logo](https://upload.wikimedia.org/wikipedia/commons/thumb/4/48/Markdown-mark.svg/1200px-Markdown-mark.svg.png)
  
<br/>

> Hi this is made using Mdx. It is the same thing used in famous blog sites like Medium and our very own GitHub.  
  
<br/>
  
Here are some of the features that Mdx provides:
- Beautiful Formatting
- Ordered and Unordered Lists
- Separators  

<br/>
  
1. **Bold**
2. _Italics_
3. _**Bold and Italics**_
4. ~Strikethrough~
  
---  
  
# There
## are
### different 
#### sizes
##### for
###### headings
  
---
  
If you want to learn more about how to use Markdown text formatting. You can click the link here [Click Here](https://commonmark.org/help/)",https://picsum.photos/500/508
9,Nine,2024-07-20,Nepal,Siddhartha,2,"![Image of Mardown Logo](https://upload.wikimedia.org/wikipedia/commons/thumb/4/48/Markdown-mark.svg/1200px-Markdown-mark.svg.png)
  
<br/>

> Hi this is made using Mdx. It is the same thing used in famous blog sites like Medium and our very own GitHub.  
  
<br/>
  
Here are some of the features that Mdx provides:
- Beautiful Formatting
- Ordered and Unordered Lists
- Separators  

<br/>
  
1. **Bold**
2. _Italics_
3. _**Bold and Italics**_
4. ~Strikethrough~
  
---  
  
# There
## are
### different 
#### sizes
##### for
###### headings
  
---
  
If you want to learn more about how to use Markdown text formatting. You can click the link here [Click Here](https://commonmark.org/help/)",https://picsum.photos/500/509
10,Ten,2025-01-09,Netherlands,Fed Ex,2,"![Image of Mardown Logo](https://upload.wikimedia.org/wikipedia/commons/thumb/4/48/Markdown-mark.svg/1200px-Markdown-mark.svg.png)
  
<br/>

> Hi this is made using Mdx. It is the same thing used in famous blog sites like Medium and our very own GitHub.  
  
<br/>
  
Here are some of the features that Mdx provides:
- Beautiful Formatting
- Ordered and Unordered Lists
- Separators  

<br/>
  
1. **Bold**
2. _Italics_
3. _**Bold and Italics**_
4. ~Strikethrough~
  
---  
  
# There
## are
### different 
#### sizes
##### for
###### headings
  
---
  
If you want to learn more about how to use Markdown text formatting. You can click the link here [Click Here](https://commonmark.org/help/)",https://picsum.photos/500/510